<?xml version="1.0" encoding="UTF-8" standalone="yes"?><history><sql date="1576229610491" url="jdbc:mysql://localhost:3306/mysql?zeroDateTimeBehavior=convertToNull">SELECT * FROM testlitfitsdb.garment LIMIT 100</sql><sql date="1575448024135" url="jdbc:mysql://localhost:3306/mysql?zeroDateTimeBehavior=convertToNull">create database bankdbjpa</sql><sql date="1576234876885" url="jdbc:mysql://localhost:3306/mysql?zeroDateTimeBehavior=convertToNull">SELECT * FROM testlitfitsdb.company LIMIT 100</sql><sql date="1568791293390" url="jdbc:mysql://localhost:3306/mysql?zeroDateTimeBehavior=convertToNull">CREATE TABLE `customer` (
  `id` bigint(20) NOT NULL AUTO_INCREMENT,
  `city` varchar(255) DEFAULT NULL,
  `email` varchar(255) DEFAULT NULL,
  `firstName` varchar(255) DEFAULT NULL,
  `lastName` varchar(255) DEFAULT NULL,
  `middleInitial` varchar(255) DEFAULT NULL,
  `phone` bigint(20) DEFAULT NULL,
  `state` varchar(255) DEFAULT NULL,
  `street` varchar(255) DEFAULT NULL,
  `zip` int(11) DEFAULT NULL,
  PRIMARY KEY (`id`)
) ENGINE=InnoDB AUTO_INCREMENT=345678402 DEFAULT CHARSET=utf8</sql><sql date="1568791690828" url="jdbc:mysql://localhost:3306/bankdb?zeroDateTimeBehavior=convertToNull">CREATE TABLE `customer` (
  `id` bigint(20) NOT NULL AUTO_INCREMENT,
  `city` varchar(255) DEFAULT NULL,
  `email` varchar(255) DEFAULT NULL,
  `firstName` varchar(255) DEFAULT NULL,
  `lastName` varchar(255) DEFAULT NULL,
  `middleInitial` varchar(255) DEFAULT NULL,
  `phone` bigint(20) DEFAULT NULL,
  `state` varchar(255) DEFAULT NULL,
  `street` varchar(255) DEFAULT NULL,
  `zip` int(11) DEFAULT NULL,
  PRIMARY KEY (`id`)
) ENGINE=InnoDB AUTO_INCREMENT=345678402 DEFAULT CHARSET=utf8</sql><sql date="1575535466907" url="jdbc:mysql://localhost:3306/mysql?zeroDateTimeBehavior=convertToNull">SELECT * FROM lit_fits_db_test.garment_materials LIMIT 100</sql><sql date="1568791294577" url="jdbc:mysql://localhost:3306/mysql?zeroDateTimeBehavior=convertToNull">UNLOCK TABLES</sql><sql date="1568791691921" url="jdbc:mysql://localhost:3306/bankdb?zeroDateTimeBehavior=convertToNull">UNLOCK TABLES</sql><sql date="1575451603893" url="jdbc:mysql://localhost:3306/mysql?zeroDateTimeBehavior=convertToNull">SELECT * FROM bankdbjpa.account LIMIT 100</sql><sql date="1575451629168" url="jdbc:mysql://localhost:3306/mysql?zeroDateTimeBehavior=convertToNull">SELECT * FROM bankdbjpa.customer LIMIT 100</sql><sql date="1576156821033" url="jdbc:mysql://localhost:3306/mysql?zeroDateTimeBehavior=convertToNull">SELECT * FROM testlitfitsdb.color LIMIT 100</sql><sql date="1568791293953" url="jdbc:mysql://localhost:3306/mysql?zeroDateTimeBehavior=convertToNull">CREATE TABLE `customer_account` (
  `customers_id` bigint(20) NOT NULL,
  `accounts_id` bigint(20) NOT NULL,
  KEY `FK_kc5dkuqeeepjdg57eg6x77rn6` (`accounts_id`),
  KEY `FK_8qp6ga2rvrwicwkmlebt42ycm` (`customers_id`),
  CONSTRAINT `FK_8qp6ga2rvrwicwkmlebt42ycm` FOREIGN KEY (`customers_id`) REFERENCES `customer` (`id`),
  CONSTRAINT `FK_kc5dkuqeeepjdg57eg6x77rn6` FOREIGN KEY (`accounts_id`) REFERENCES `account` (`id`)
) ENGINE=InnoDB DEFAULT CHARSET=utf8</sql><sql date="1568791691343" url="jdbc:mysql://localhost:3306/bankdb?zeroDateTimeBehavior=convertToNull">CREATE TABLE `customer_account` (
  `customers_id` bigint(20) NOT NULL,
  `accounts_id` bigint(20) NOT NULL,
  KEY `FK_kc5dkuqeeepjdg57eg6x77rn6` (`accounts_id`),
  KEY `FK_8qp6ga2rvrwicwkmlebt42ycm` (`customers_id`),
  CONSTRAINT `FK_8qp6ga2rvrwicwkmlebt42ycm` FOREIGN KEY (`customers_id`) REFERENCES `customer` (`id`),
  CONSTRAINT `FK_kc5dkuqeeepjdg57eg6x77rn6` FOREIGN KEY (`accounts_id`) REFERENCES `account` (`id`)
) ENGINE=InnoDB DEFAULT CHARSET=utf8</sql><sql date="1568791294577" url="jdbc:mysql://localhost:3306/mysql?zeroDateTimeBehavior=convertToNull">INSERT INTO `movement` VALUES (1,100,100,'Deposit','2019-01-14 19:34:06',2654785441),(2,9900,10000,'Deposit','2019-02-02 16:32:41',2654785441),(3,200,10200,'Deposit','2019-02-02 16:35:11',2654785441),(4,-200,10000,'Payment','2019-02-02 16:35:47',2654785441),(6,100,100,'Deposit','2019-02-02 16:56:44',3252214522),(7,100,200,'Deposit','2019-02-02 16:57:40',3252214522)</sql><sql date="1568791691906" url="jdbc:mysql://localhost:3306/bankdb?zeroDateTimeBehavior=convertToNull">INSERT INTO `movement` VALUES (1,100,100,'Deposit','2019-01-14 19:34:06',2654785441),(2,9900,10000,'Deposit','2019-02-02 16:32:41',2654785441),(3,200,10200,'Deposit','2019-02-02 16:35:11',2654785441),(4,-200,10000,'Payment','2019-02-02 16:35:47',2654785441),(6,100,100,'Deposit','2019-02-02 16:56:44',3252214522),(7,100,200,'Deposit','2019-02-02 16:57:40',3252214522)</sql><sql date="1575534787771" url="jdbc:mysql://localhost:3306/mysql?zeroDateTimeBehavior=convertToNull">SELECT * FROM lit_fits_db_test.color LIMIT 100</sql><sql date="1575451715258" url="jdbc:mysql://localhost:3306/mysql?zeroDateTimeBehavior=convertToNull">SELECT * FROM bankdbjpa.customer_account LIMIT 100</sql><sql date="1568791292234" url="jdbc:mysql://localhost:3306/mysql?zeroDateTimeBehavior=convertToNull">DROP TABLE IF EXISTS `account`</sql><sql date="1568791689828" url="jdbc:mysql://localhost:3306/bankdb?zeroDateTimeBehavior=convertToNull">DROP TABLE IF EXISTS `account`</sql><sql date="1575535406390" url="jdbc:mysql://localhost:3306/mysql?zeroDateTimeBehavior=convertToNull">SELECT * FROM lit_fits_db_test.garment_colors LIMIT 100</sql><sql date="1576156855598" url="jdbc:mysql://localhost:3306/mysql?zeroDateTimeBehavior=convertToNull">SELECT * FROM testlitfitsdb.garment_colors LIMIT 100</sql><sql date="1576156836287" url="jdbc:mysql://localhost:3306/mysql?zeroDateTimeBehavior=convertToNull">SELECT * FROM testlitfitsdb.material LIMIT 100</sql><sql date="1575542486300" url="jdbc:mysql://localhost:3306/mysql?zeroDateTimeBehavior=convertToNull">drop schema lit_fits_db_test</sql><sql date="1568791293484" url="jdbc:mysql://localhost:3306/mysql?zeroDateTimeBehavior=convertToNull">DROP TABLE IF EXISTS `customer_account`</sql><sql date="1568791690890" url="jdbc:mysql://localhost:3306/bankdb?zeroDateTimeBehavior=convertToNull">DROP TABLE IF EXISTS `customer_account`</sql><sql date="1575445794998" url="jdbc:mysql://localhost:3306/mysql?zeroDateTimeBehavior=convertToNull">create database Lit_Fits_DB_test</sql><sql date="1575536716212" url="jdbc:mysql://localhost:3306/mysql?zeroDateTimeBehavior=convertToNull">SELECT * FROM lit_fits_db_test.company LIMIT 100</sql><sql date="1568791292937" url="jdbc:mysql://localhost:3306/mysql?zeroDateTimeBehavior=convertToNull">DROP TABLE IF EXISTS `customer`</sql><sql date="1568791293968" url="jdbc:mysql://localhost:3306/mysql?zeroDateTimeBehavior=convertToNull">LOCK TABLES `customer_account` WRITE</sql><sql date="1568791690453" url="jdbc:mysql://localhost:3306/bankdb?zeroDateTimeBehavior=convertToNull">DROP TABLE IF EXISTS `customer`</sql><sql date="1568791691359" url="jdbc:mysql://localhost:3306/bankdb?zeroDateTimeBehavior=convertToNull">LOCK TABLES `customer_account` WRITE</sql><sql date="1576156873556" url="jdbc:mysql://localhost:3306/mysql?zeroDateTimeBehavior=convertToNull">SELECT * FROM testlitfitsdb.garment_materials LIMIT 100</sql><sql date="1568791292859" url="jdbc:mysql://localhost:3306/mysql?zeroDateTimeBehavior=convertToNull">INSERT INTO `account` VALUES (1569874954,999.99,999.99,'2019-01-14 19:19:04',0,'Savings Account',0),(2654785441,10000,10000,'2019-01-14 19:29:50',0,'Check Account',0),(3252214522,200,100,'2019-01-14 19:28:28',1000,'Check Account with Credit Line',1)</sql><sql date="1568791690390" url="jdbc:mysql://localhost:3306/bankdb?zeroDateTimeBehavior=convertToNull">INSERT INTO `account` VALUES (1569874954,999.99,999.99,'2019-01-14 19:19:04',0,'Savings Account',0),(2654785441,10000,10000,'2019-01-14 19:29:50',0,'Check Account',0),(3252214522,200,100,'2019-01-14 19:28:28',1000,'Check Account with Credit Line',1)</sql><sql date="1575535172119" url="jdbc:mysql://localhost:3306/mysql?zeroDateTimeBehavior=convertToNull">SELECT * FROM lit_fits_db_test.garment LIMIT 100</sql><sql date="1568791097930" url="jdbc:mysql://localhost:3306/mysql?zeroDateTimeBehavior=convertToNull">CREATE DATABASE bankdb</sql><sql date="1575362835635" url="jdbc:mysql://localhost:3306/mysql?zeroDateTimeBehavior=convertToNull">CREATE DATABASE bankdbjp</sql><sql date="1575534824839" url="jdbc:mysql://localhost:3306/mysql?zeroDateTimeBehavior=convertToNull">SELECT * FROM lit_fits_db_test.material LIMIT 100</sql><sql date="1568791294484" url="jdbc:mysql://localhost:3306/mysql?zeroDateTimeBehavior=convertToNull">CREATE TABLE `movement` (
  `id` bigint(20) NOT NULL AUTO_INCREMENT,
  `amount` double DEFAULT NULL,
  `balance` double DEFAULT NULL,
  `description` varchar(255) DEFAULT NULL,
  `timestamp` datetime DEFAULT NULL,
  `account_id` bigint(20) DEFAULT NULL,
  PRIMARY KEY (`id`),
  KEY `FK_9wocy0ptspyecj0dwv8tvrd6o` (`account_id`),
  CONSTRAINT `FK_9wocy0ptspyecj0dwv8tvrd6o` FOREIGN KEY (`account_id`) REFERENCES `account` (`id`)
) ENGINE=InnoDB AUTO_INCREMENT=8 DEFAULT CHARSET=utf8</sql><sql date="1568791691843" url="jdbc:mysql://localhost:3306/bankdb?zeroDateTimeBehavior=convertToNull">CREATE TABLE `movement` (
  `id` bigint(20) NOT NULL AUTO_INCREMENT,
  `amount` double DEFAULT NULL,
  `balance` double DEFAULT NULL,
  `description` varchar(255) DEFAULT NULL,
  `timestamp` datetime DEFAULT NULL,
  `account_id` bigint(20) DEFAULT NULL,
  PRIMARY KEY (`id`),
  KEY `FK_9wocy0ptspyecj0dwv8tvrd6o` (`account_id`),
  CONSTRAINT `FK_9wocy0ptspyecj0dwv8tvrd6o` FOREIGN KEY (`account_id`) REFERENCES `account` (`id`)
) ENGINE=InnoDB AUTO_INCREMENT=8 DEFAULT CHARSET=utf8</sql><sql date="1568791294046" url="jdbc:mysql://localhost:3306/mysql?zeroDateTimeBehavior=convertToNull">DROP TABLE IF EXISTS `movement`</sql><sql date="1568791691421" url="jdbc:mysql://localhost:3306/bankdb?zeroDateTimeBehavior=convertToNull">DROP TABLE IF EXISTS `movement`</sql><sql date="1568791292750" url="jdbc:mysql://localhost:3306/mysql?zeroDateTimeBehavior=convertToNull">CREATE TABLE `account` (
  `id` bigint(20) NOT NULL AUTO_INCREMENT,
  `balance` double DEFAULT NULL,
  `beginBalance` double DEFAULT NULL,
  `beginBalanceTimestamp` datetime DEFAULT NULL,
  `creditLine` double DEFAULT NULL,
  `description` varchar(255) DEFAULT NULL,
  `type` int(11) DEFAULT NULL,
  PRIMARY KEY (`id`)
) ENGINE=InnoDB AUTO_INCREMENT=3252214523 DEFAULT CHARSET=utf8</sql><sql date="1568791294499" url="jdbc:mysql://localhost:3306/mysql?zeroDateTimeBehavior=convertToNull">LOCK TABLES `movement` WRITE</sql><sql date="1568791690281" url="jdbc:mysql://localhost:3306/bankdb?zeroDateTimeBehavior=convertToNull">CREATE TABLE `account` (
  `id` bigint(20) NOT NULL AUTO_INCREMENT,
  `balance` double DEFAULT NULL,
  `beginBalance` double DEFAULT NULL,
  `beginBalanceTimestamp` datetime DEFAULT NULL,
  `creditLine` double DEFAULT NULL,
  `description` varchar(255) DEFAULT NULL,
  `type` int(11) DEFAULT NULL,
  PRIMARY KEY (`id`)
) ENGINE=InnoDB AUTO_INCREMENT=3252214523 DEFAULT CHARSET=utf8</sql><sql date="1568791691843" url="jdbc:mysql://localhost:3306/bankdb?zeroDateTimeBehavior=convertToNull">LOCK TABLES `movement` WRITE</sql><sql date="1570190340437" url="jdbc:mysql://localhost:3306/bankdb?zeroDateTimeBehavior=convertToNull">SELECT * FROM customer LIMIT 100</sql><sql date="1568791293390" url="jdbc:mysql://localhost:3306/mysql?zeroDateTimeBehavior=convertToNull">LOCK TABLES `customer` WRITE</sql><sql date="1568791690828" url="jdbc:mysql://localhost:3306/bankdb?zeroDateTimeBehavior=convertToNull">LOCK TABLES `customer` WRITE</sql><sql date="1568791293468" url="jdbc:mysql://localhost:3306/mysql?zeroDateTimeBehavior=convertToNull">INSERT INTO `customer` VALUES (102263301,'New York','jsmith@enterprise.net','John','Smith','S.',15556969699,'New York','163rd St.',10032),(299985563,'Philadelphia','awallace@gmail.com','Ann','Wallace','M.',16665984477,'Pennsylvania','Main St.',10056),(345678401,'New York','rjwilliams@enterprise.net','Raymond','Williams','J.',15556969699,'New York','163rd St.',10032)</sql><sql date="1568791294031" url="jdbc:mysql://localhost:3306/mysql?zeroDateTimeBehavior=convertToNull">INSERT INTO `customer_account` VALUES (102263301,1569874954),(102263301,2654785441),(299985563,2654785441),(299985563,3252214522)</sql><sql date="1568791690875" url="jdbc:mysql://localhost:3306/bankdb?zeroDateTimeBehavior=convertToNull">INSERT INTO `customer` VALUES (102263301,'New York','jsmith@enterprise.net','John','Smith','S.',15556969699,'New York','163rd St.',10032),(299985563,'Philadelphia','awallace@gmail.com','Ann','Wallace','M.',16665984477,'Pennsylvania','Main St.',10056),(345678401,'New York','rjwilliams@enterprise.net','Raymond','Williams','J.',15556969699,'New York','163rd St.',10032)</sql><sql date="1568791691390" url="jdbc:mysql://localhost:3306/bankdb?zeroDateTimeBehavior=convertToNull">INSERT INTO `customer_account` VALUES (102263301,1569874954),(102263301,2654785441),(299985563,2654785441),(299985563,3252214522)</sql><sql date="1568791292765" url="jdbc:mysql://localhost:3306/mysql?zeroDateTimeBehavior=convertToNull">LOCK TABLES `account` WRITE</sql><sql date="1568791690281" url="jdbc:mysql://localhost:3306/bankdb?zeroDateTimeBehavior=convertToNull">LOCK TABLES `account` WRITE</sql><sql date="1575451685434" url="jdbc:mysql://localhost:3306/mysql?zeroDateTimeBehavior=convertToNull">SELECT * FROM bankdbjpa.movement LIMIT 100</sql><sql date="1575545034994" url="jdbc:mysql://localhost:3306/mysql?zeroDateTimeBehavior=convertToNull">create database TestLitFitsDB</sql></history>