<?xml version="1.0" encoding="UTF-8"?>
<library xmlns="http://www.netbeans.org/ns/library-declaration/3" version="3.0">
    <name>TestFX</name>
    <type>j2se</type>
    <display-name>TestFX</display-name>
    <volume>
        <type>classpath</type>
        <resource>jar:file:/C:/Users/2dam.LAPINF02/Documents/TestFXLibrary/hamcrest-junit-2.0.0.0.jar!/</resource>
        <resource>jar:file:/C:/Users/2dam.LAPINF02/Documents/TestFXLibrary/java-hamcrest-2.0.0.0.jar!/</resource>
        <resource>jar:file:/C:/Users/2dam.LAPINF02/Documents/TestFXLibrary/junit-4.12.jar!/</resource>
        <resource>jar:file:/C:/Users/2dam.LAPINF02/Documents/TestFXLibrary/testFx-3.1.0.jar!/</resource>
        <resource>jar:file:/C:/Users/2dam.LAPINF02/Documents/TestFXLibrary/testfx-core-4.0.13-alpha.jar!/</resource>
        <resource>jar:file:/C:/Users/2dam.LAPINF02/Documents/TestFXLibrary/testfx-junit-4.0.13-alpha.jar!/</resource>
    </volume>
    <volume>
        <type>src</type>
        <resource>jar:file:/C:/Users/2dam.LAPINF02/Documents/TestFXLibrary/hamcrest-junit-2.0.0.0-sources.jar!//</resource>
        <resource>jar:file:/C:/Users/2dam.LAPINF02/Documents/TestFXLibrary/java-hamcrest-2.0.0.0-sources.jar!//</resource>
        <resource>jar:file:/C:/Users/2dam.LAPINF02/Documents/TestFXLibrary/junit-4.12-sources.jar!//</resource>
        <resource>jar:file:/C:/Users/2dam.LAPINF02/Documents/TestFXLibrary/testFx-3.1.0-sources.jar!//</resource>
        <resource>jar:file:/C:/Users/2dam.LAPINF02/Documents/TestFXLibrary/testfx-core-4.0.13-alpha-sources.jar!//</resource>
        <resource>jar:file:/C:/Users/2dam.LAPINF02/Documents/TestFXLibrary/testfx-junit-4.0.13-alpha-sources.jar!//</resource>
    </volume>
    <volume>
        <type>javadoc</type>
        <resource>jar:file:/C:/Users/2dam.LAPINF02/Documents/TestFXLibrary/hamcrest-junit-2.0.0.0-javadoc.jar!//</resource>
        <resource>jar:file:/C:/Users/2dam.LAPINF02/Documents/TestFXLibrary/java-hamcrest-2.0.0.0-javadoc.jar!//</resource>
        <resource>jar:file:/C:/Users/2dam.LAPINF02/Documents/TestFXLibrary/junit-4.12-javadoc.jar!//</resource>
        <resource>jar:file:/C:/Users/2dam.LAPINF02/Documents/TestFXLibrary/testfx-core-4.0.13-alpha-javadoc.jar!//</resource>
        <resource>jar:file:/C:/Users/2dam.LAPINF02/Documents/TestFXLibrary/testfx-junit-4.0.13-alpha-javadoc.jar!//</resource>
    </volume>
    <volume>
        <type>maven-pom</type>
    </volume>
    <properties/>
</library>
